<?xml version="1.0" encoding="UTF-8" standalone="no"?>
<project default="javadoc">
    <target name="javadoc">
        <javadoc access="public" 
        	additionalparam="-dest doc" 
        	classpath="../Utils/bin;../Common/bin" 
        	packagenames="com.googlecode.android_scripting.facade,com.googlecode.android_scripting.rpc,com.googlecode.android_scripting.facade.ui" 
        	sourcepath="../Common/src;../BluetoothFacade/src;../SignalStrengthFacade/src;../TextToSpeechFacade/src;../WebCamFacade/src">
            <doclet name="com.googlecode.android_scripting.RpcDoclet" path="bin"/>
        </javadoc>
    	<delete file="../ScriptingLayerForAndroid/assets/sl4adoc.zip"/>
		<zip destfile="../ScriptingLayerForAndroid/assets/sl4adoc.zip"
			basedir="./doc" includes="**/*">
		</zip>
  </target>
</project>
