{
  "project_info": {
    "project_number": "000000000000",
    "project_id": "android-wifi-timer"
  },
  "client": [
    {
      "client_info": {
        "mobilesdk_app_id": "0:111111111111:android:2222222222222222",
        "android_client_info": {
          "package_name": "org.laurentsebag.wifitimer"
        }
      },
      "oauth_client": [],
      "api_key": [
        {
          "current_key": "AAAAAAAAAAAAAAAAAAAAAAAAAAAAAAAAAAAAAAA"
        }
      ],
      "services": {
        "analytics_service": {
          "status": 2,
          "analytics_property": {
            "tracking_id": "AA-00000000-1"
          }
        },
        "appinvite_service": {
          "status": 1,
          "other_platform_oauth_client": []
        },
        "ads_service": {
          "status": 1
        }
      }
    }
  ],
  "configuration_version": "1"
}
