{
  "Entries": [
    {
      "VersionCode": 1140016,
      "Title": "Changes in version 1.14.0",
      "Description": "It's almost 8 months since last update of Tower Collector. During that time many private matters occupied almost all of my spare time. I plan to come back to more active development soon. Meanwhile OpenCellID database has been acquired by Unwired Labs which become new maintainer. I wish them good luck and hope they will cooperate with OCID community as ENAiKOON did for couple of years!",
      "Messages": [
        "Updated API key validation rule to support new OCID format.",
        "Updated API key (token) registration link."
      ]
    },
    {
      "VersionCode": 1130015,
      "Title": "Don't miss the chance!",
      "Description": "Don't let the others decide, have influence - <a href=\"https://docs.google.com/forms/d/e/1FAIpQLSe_JGw4u5z5MXQ5krsLMbcKUVRYFpbxHDsAvdutMLuJQ0ks9Q/viewform\">vote for your most wanted features!</a><br/><br/>Join Tower Collector community on <a href=\"https://www.facebook.com/towercollector/\">Facebook</a> or <a href=\"https://plus.google.com/communities/105724371687131986494\">Google+</a> to get updated :)"
    },
    {
      "VersionCode": 1130014,
      "Title": "Changes in version 1.13.0",
      "Description": "Join Tower Collector community on <a href=\"https://www.facebook.com/towercollector/\">Facebook</a> or <a href=\"https://plus.google.com/communities/105724371687131986494\">Google+</a> to get help and share your ideas :)",
      "Messages": [
        "Improved app performance and shortened startup time.",
        "Fixed crash when refreshing statistics.",
        "Fixed formatting issue in CSV files when GPS altitude over 1000 m."
      ]
    },
    {
      "VersionCode": 1120012,
      "Title": "Changes in version 1.12.0",
      "Description": "Join Tower Collector community on <a href=\"https://www.facebook.com/towercollector/\">Facebook (new!)</a> or <a href=\"https://plus.google.com/communities/105724371687131986494\">Google+</a> to get help and share your ideas :)",
      "Messages": [
        "Added export to CSV using OpenCellID.org values formatting (can be uploaded on website).",
        "Added option to hide Collector notification from lock screen and status bar unless expanded on Android 4.1+.",
        "Improved auto update source selection to open app market if possible and then website."
      ]
    },
    {
      "VersionCode": 1110011,
      "Title": "Changes in version 1.11.0",
      "Messages": [
        "Added number of main and neighboring cells to main screen.",
        "Improved insufficient permissions handling.",
        "Updated external components."
      ]
    }
  ]
}