<?xml version="1.0"?>
<ruleset xmlns:xsi="http://www.w3.org/2001/XMLSchema-instance" name="Android Application Rules"
    xmlns="http://pmd.sf.net/ruleset/1.0.0"
    xsi:noNamespaceSchemaLocation="http://pmd.sf.net/ruleset_xml_schema.xsd"
    xsi:schemaLocation="http://pmd.sf.net/ruleset/1.0.0 http://pmd.sf.net/ruleset_xml_schema.xsd">

    <description>Custom ruleset for Android application</description>

    <exclude-pattern>.*/R.java</exclude-pattern>
    <exclude-pattern>.*/gen/.*</exclude-pattern>

    <rule ref="rulesets/java/unnecessary.xml"/>
    <rule ref="rulesets/java/imports.xml">
        <exclude name="TooManyStaticImports"/>
    </rule>
    <rule ref="rulesets/java/unusedcode.xml"/>
    <rule ref="rulesets/java/junit.xml"/>
    <rule ref="rulesets/java/logging-java.xml"/>
    <rule ref="rulesets/java/braces.xml"/>
    <rule ref="rulesets/java/strings.xml"/>
    <rule ref="rulesets/java/basic.xml"/>
    <rule ref="rulesets/java/design.xml"/>
    <rule ref="rulesets/java/typeresolution.xml"/>

</ruleset>