{
        "Area":
        {
                "outlineWidth":1,
                "primaryFillColor":-16777216,
                "secondaryFillColor":0,
                "font":
                {
                        "color":-1,
                        "isFromFile":false,
                        "fontStyle":"NORMAL",
                        "size":12
                },
                "isAntiAlias":true,
                "outlineStyle":"SOLID",
                "outlineColor":-1,
                "gradient":"NONE"
        },
        "Axis":
        {
                "outlineWidth":1,
                "primaryFillColor":0,
                "secondaryFillColor":0,
                "font":
                {
                        "color":-1,
                        "isFromFile":false,
                        "fontStyle":"NORMAL",
                        "size":14
                },
                "isAntiAlias":true,
                "outlineStyle":"DASH",
                "outlineColor":-1,
                "gradient":"NONE"
        },
        "Plot":
        {
                "outlineWidth":1,
                "primaryFillColor":0,
                "secondaryFillColor":0,
                "font":
                {
                        "color":-1,
                        "isFromFile":false,
                        "fontStyle":"BOLD",
                        "size":16
                },
                "isAntiAlias":true,
                "outlineStyle":"SOLID",
                "outlineColor":-1,
                "gradient":"NONE"
        }
}