{
        "Area":
        {
                "outlineWidth":1,
                "primaryFillColor":-4144960,
                "secondaryFillColor":0,
                "font":
                {
                        "color":-1,
                        "isFromFile":false,
                        "fontStyle":"NORMAL",
                        "size":12
                },
                "isAntiAlias":true,
                "outlineStyle":"SOLID",
                "outlineColor":-16777216,
                "gradient":"NONE"
        },
        "Axis":
        {
                "outlineWidth":1,
                "primaryFillColor":0,
                "secondaryFillColor":0,
                "font":
                {
                        "color":-16777216,
                        "isFromFile":false,
                        "fontStyle":"NORMAL",
                        "size":12
                },
                "isAntiAlias":true,
                "outlineStyle":"DASH",
                "outlineColor":-16777216,
                "gradient":"NONE"
        },
        "Plot":
        {
                "outlineWidth":1,
                "primaryFillColor":-4144960,
                "secondaryFillColor":0,
                "font":
                {
                        "color":-16777216,
                        "isFromFile":false,
                        "fontStyle":"NORMAL",
                        "size":12
                },
                "isAntiAlias":true,
                "outlineStyle":"SOLID",
                "outlineColor":-16777216,
                "gradient":"NONE"
        },
        "StockSeries#riseAppearance":
        {
                "outlineWidth":1,
                "primaryFillColor":-1,
                "secondaryFillColor":0,
                "font":
                {
                        "color":-1,
                        "isFromFile":false,
                        "fontStyle":"NORMAL",
                        "size":12
                },
                "isAntiAlias":true,
                "outlineStyle":"SOLID",
                "outlineColor":-16777216,
                "gradient":"NONE"
        },
        "StockSeries#fallAppearance":
        {
                "outlineWidth":1,
                "primaryFillColor":-16777216,
                "secondaryFillColor":0,
                "font":
                {
                        "color":-1,
                        "isFromFile":false,
                        "fontStyle":"NORMAL",
                        "size":12
                },
                "isAntiAlias":true,
                "outlineStyle":"SOLID",
                "outlineColor":-16777216,
                "gradient":"NONE"
        },
        "BarSeries":
        {
                "outlineWidth":1,
                "primaryFillColor":-8355712,
                "secondaryFillColor":0,
                "font":
                {
                        "color":-1,
                        "isFromFile":false,
                        "fontStyle":"NORMAL",
                        "size":12
                },
                "isAntiAlias":true,
                "outlineStyle":"SOLID",
                "outlineColor":-11908534,
                "gradient":"NONE"
        }
}