{
  "project_info": {
    "project_id": "",
    "project_number": "",
    "name": "Iqra"
  },
  "client": [
    {
      "client_info": {
        "mobilesdk_app_id": "",
        "client_id": "android:com.mmmoussa.iqra",
        "client_type": 1,
        "android_client_info": {
          "package_name": "com.mmmoussa.iqra",
          "certificate_hash": []
        }
      },
      "oauth_client": [],
      "api_key": [],
      "services": {
        "analytics_service": {
          "status": 2,
          "analytics_property": {
            "tracking_id": ""
          }
        },
        "cloud_messaging_service": {
          "status": 1,
          "apns_config": []
        },
        "appinvite_service": {
          "status": 1,
          "other_platform_oauth_client": []
        },
        "google_signin_service": {
          "status": 1
        },
        "ads_service": {
          "status": 1
        }
      }
    }
  ],
  "client_info": [],
  "ARTIFACT_VERSION": "1"
}